id,name,reward_type_id,hero_id,cost,currency_id,quality_id,event_id
1,Logo,1,,,,1,
2,You Are Not Prepared!,1,,,,1,
3,Punch,1,,25,1,1,
4,Catcher,1,,25,1,1,
5,Caution,1,,25,1,1,
6,Dance,1,,25,1,1,
7,Dark Logo,1,,25,1,1,
8,Dark Overwatch,1,,25,1,1,
9,Dark Title,1,,25,1,1,
10,FOTS2,1,,25,1,1,
11,Fuji,1,,25,1,1,
12,Goldshire Pictures,1,,25,1,1,
13,Leek,1,,25,1,1,
14,Lumerico,1,,25,1,1,
15,Numbani Statue,1,,25,1,1,
16,Omnic Rights,1,,25,1,1,
17,Overwatch,1,,25,1,1,
18,Overwatch Title,1,,25,1,1,
19,Rhino,1,,25,1,1,
20,Rikmaru,1,,25,1,1,
21,Sarcophagus,1,,25,1,1,
22,Scooter,1,,25,1,1,
23,Scroll,1,,25,1,1,
24,Siege Mode,1,,25,1,1,
25,Six-Gun Killer,1,,25,1,1,
26,Sol,1,,25,1,1,
27,Soulstone,1,,25,1,1,
28,Vivi's Adventure,1,,25,1,1,
29,Beyond the Moon,1,,,,1,
30,Forge Onward,1,,,,1,
31,GL HF,1,,,,1,
32,Jail,1,,,,1,
33,Man and Omnic,1,,,,1,
34,Oops,1,,,,1,
35,Out of My Way,1,,,,1,
36,Pinata,1,,,,1,
37,Red O,1,,,,1,
38,Red X,1,,,,1,
39,Respect,1,,,,1,
40,Rise,1,,,,1,
41,Sorry,1,,,,1,
42,Tea Time,1,,,,1,
43,Thanks,1,,,,1,
44,Victory,1,,,,1,
45,Well Played,1,,,,1,
46,Action,1,1,25,1,1,
47,Ana,1,1,25,1,1,
48,Bearer,1,1,25,1,1,
49,Cheer,1,1,25,1,1,
50,Cracked,1,1,25,1,1,
51,Cute,1,1,,,1,
52,Eyepatch,1,1,25,1,1,
53,Fareeha,1,1,25,1,1,
54,Gaze,1,1,25,1,1,
55,Grenade,1,1,25,1,1,
56,Guardian,1,1,25,1,1,
57,Hesitation,1,1,25,1,1,
58,Icon,1,1,25,1,1,
59,Letter,1,1,25,1,1,
60,Old Soldier,1,1,25,1,1,
61,Overhead,1,1,25,1,1,
62,Photograph,1,1,25,1,1,
63,Pixel,1,1,,,1,
64,Rifle,1,1,25,1,1,
65,Shadow,1,1,25,1,1,
66,Shhh,1,1,25,1,1,
67,Sidearm,1,1,25,1,1,
68,Wedjat,1,1,25,1,1,
69,Wrist Launcher,1,1,25,1,1,
70,ZZZ,1,1,25,1,1,
71,Action,1,2,25,1,1,
72,Bird,1,2,25,1,1,
73,Birdwatchers,1,2,25,1,1,
74,Black,1,2,25,1,1,
75,Blocks,1,2,25,1,1,
76,Cannon,1,2,25,1,1,
77,Crisis,1,2,25,1,1,
78,Curious,1,2,25,1,1,
79,Cute,1,2,,,1,
80,ES4,1,2,25,1,1,
81,Fire at Will,1,2,25,1,1,
82,Flight,1,2,25,1,1,
83,Flower Power,1,2,25,1,1,
84,Ganymede,1,2,25,1,1,
85,Giant,1,2,25,1,1,
86,Icon,1,2,25,1,1,
87,In Repairs,1,2,25,1,1,
88,Nest,1,2,25,1,1,
89,Omnic,1,2,25,1,1,
90,Overgrown,1,2,25,1,1,
91,Pixel,1,2,,,1,
92,Recovery,1,2,25,1,1,
93,Retro,1,2,25,1,1,
94,Sprout,1,2,25,1,1,
95,Wood and Stone,1,2,25,1,1,
96,Bang,1,3,25,1,1,
97,Bubble Gum,1,3,25,1,1,
98,Bunny,1,3,25,1,1,
99,Bunny (2),1,3,25,1,1,
100,Bunny Hop,1,3,25,1,1,
101,Cute,1,3,,,1,
102,Diva,1,3,25,1,1,
103,GG,1,3,25,1,1,
104,Hana,1,3,25,1,1,
105,Headset,1,3,25,1,1,
106,Heart,1,3,25,1,1,
107,Icon,1,3,25,1,1,
108,Light Gun,1,3,25,1,1,
109,Love DVa,1,3,25,1,1,
110,Meka,1,3,25,1,1,
111,Nano Cola,1,3,25,1,1,
112,Photo,1,3,25,1,1,
113,Pixel,1,3,,,1,
114,Pixel Bunny,1,3,25,1,1,
115,Power Up!,1,3,25,1,1,
116,Salt,1,3,25,1,1,
117,Star,1,3,25,1,1,
118,Unload,1,3,25,1,1,
119,Walk of Fame,1,3,25,1,1,
120,Watching,1,3,25,1,1,
121,Assassin,1,4,25,1,1,
122,Cute,1,4,,,1,
123,Dragon,1,4,25,1,1,
124,Dragonblade,1,4,25,1,1,
125,Draw,1,4,25,1,1,
126,God of War,1,4,25,1,1,
127,Green Ninja,1,4,25,1,1,
128,Icon,1,4,25,1,1,
129,Kaze No Gotoku,1,4,25,1,1,
130,Lunge,1,4,25,1,1,
131,Nin,1,4,25,1,1,
132,Onmyodo,1,4,25,1,1,
133,Pixel,1,4,,,1,
134,Prepared,1,4,25,1,1,
135,Ryugekiken,1,4,25,1,1,
136,Shimada,1,4,25,1,1,
137,Shuriken,1,4,25,1,1,
138,Shuriken (2),1,4,25,1,1,
139,Signature,1,4,25,1,1,
140,Soul,1,4,25,1,1,
141,Stance,1,4,25,1,1,
142,Stoic,1,4,25,1,1,
143,Swords,1,4,25,1,1,
144,Target Practice,1,4,25,1,1,
145,Warrior,1,4,25,1,1,
146,Archer,1,5,25,1,1,
147,Challenge,1,5,25,1,1,
148,Cloud,1,5,25,1,1,
149,Cute,1,5,,,1,
150,Dragon,1,5,25,1,1,
151,Dragons,1,5,25,1,1,
152,Dragonstrike,1,5,25,1,1,
153,Drawn,1,5,25,1,1,
154,Duty,1,5,25,1,1,
155,Haori,1,5,25,1,1,
156,Icon,1,5,25,1,1,
157,Kneeling,1,5,25,1,1,
158,Kumo,1,5,25,1,1,
159,Moon,1,5,25,1,1,
160,Nin,1,5,25,1,1,
161,Pixel,1,5,,,1,
162,Sake,1,5,25,1,1,
163,Scarf,1,5,25,1,1,
164,Seal,1,5,25,1,1,
165,Spray,1,5,25,1,1,
166,Stoic,1,5,25,1,1,
167,Successor,1,5,25,1,1,
168,Tea,1,5,25,1,1,
169,Wanderer,1,5,25,1,1,
170,Yellow,1,5,25,1,1,
171,Ahhhh!,1,6,25,1,1,
172,Bang Bang,1,6,25,1,1,
173,Crazy,1,6,25,1,1,
174,Cute,1,6,,,1,
175,Fireball,1,6,25,1,1,
176,Firework,1,6,25,1,1,
177,For You,1,6,25,1,1,
178,Frag,1,6,25,1,1,
179,Fuse,1,6,25,1,1,
180,Grin,1,6,25,1,1,
181,Icon,1,6,25,1,1,
182,Junk,1,6,25,1,1,
183,Kaboom!,1,6,25,1,1,
184,Mad,1,6,25,1,1,
185,Mayhem,1,6,25,1,1,
186,Mine,1,6,25,1,1,
187,Minefield,1,6,25,1,1,
188,Pixel,1,6,,,1,
189,Rolling,1,6,25,1,1,
190,Smile,1,6,25,1,1,
191,Smoke,1,6,25,1,1,
192,Spin,1,6,25,1,1,
193,Trapper,1,6,25,1,1,
194,Wanted,1,6,25,1,1,
195,Vroom!!,1,6,25,1,1,
196,Acelerar,1,7,25,1,1,
197,Baixo,1,7,25,1,1,
198,Bass,1,7,25,1,1,
199,Break It Down,1,7,25,1,1,
200,Cereal,1,7,25,1,1,
201,Confident,1,7,25,1,1,
202,Cute,1,7,,,1,
203,Deck,1,7,25,1,1,
204,Frog,1,7,25,1,1,
205,Grin,1,7,25,1,1,
206,Hero,1,7,25,1,1,
207,Icon,1,7,25,1,1,
208,In Concert,1,7,25,1,1,
209,Kambô,1,7,25,1,1,
210,Pixel,1,7,,,1,
211,Scratch,1,7,25,1,1,
212,Signature,1,7,25,1,1,
213,Signature (2),1,7,25,1,1,
214,Spin,1,7,25,1,1,
215,Tag,1,7,25,1,1,
216,Triplo,1,7,25,1,1,
217,Under Control,1,7,25,1,1,
218,Vinyl,1,7,25,1,1,
219,Walk of Fame,1,7,25,1,1,
220,Wave,1,7,25,1,1,
221,Badge,1,8,25,1,1,
222,BAMF,1,8,25,1,1,
223,Bang!,1,8,25,1,1,
224,Buckle,1,8,25,1,1,
225,Bullet,1,8,25,1,1,
226,Cute,1,8,,,1,
227,Deadeye,1,8,25,1,1,
228,Draw,1,8,25,1,1,
229,Enigma,1,8,25,1,1,
230,Gunslinger,1,8,25,1,1,
231,High Noon,1,8,25,1,1,
232,Icon,1,8,25,1,1,
233,Jesse,1,8,25,1,1,
234,Noose,1,8,25,1,1,
235,Outlaw,1,8,25,1,1,
236,Pixel,1,8,,,1,
237,Skull,1,8,25,1,1,
238,Spin,1,8,25,1,1,
239,Take It Easy,1,8,25,1,1,
240,Target,1,8,25,1,1,
241,The Name's,1,8,25,1,1,
242,Thumbs Up,1,8,25,1,1,
243,Tumbleweed,1,8,25,1,1,
244,Wanted,1,8,25,1,1,
245,Your Face Here,1,8,25,1,1,
246,^_^,1,9,25,1,1,
247,>_<,1,9,25,1,1,
248,Beat The Heat,1,9,25,1,1,
249,Blaster,1,9,25,1,1,
250,Carefree,1,9,25,1,1,
251,Casual,1,9,25,1,1,
252,Confident,1,9,25,1,1,
253,Cute,1,9,,,1,
254,Dizzy,1,9,25,1,1,
255,Explorer,1,9,25,1,1,
256,Eyes,1,9,25,1,1,
257,Hairpin,1,9,25,1,1,
258,Icon,1,9,25,1,1,
259,Mei's Journal,1,9,25,1,1,
260,Pixel,1,9,,,1,
261,Popsicle,1,9,25,1,1,
262,Print,1,9,25,1,1,
263,Reading,1,9,25,1,1,
264,Sketch,1,9,25,1,1,
265,Smile,1,9,25,1,1,
266,Snow Art,1,9,25,1,1,
267,Snowball,1,9,25,1,1,
268,Snowman,1,9,25,1,1,
269,Soft Serve,1,9,25,1,1,
270,Walled,1,9,25,1,1,
271,Arrow,1,10,25,1,1,
272,Bandage,1,10,25,1,1,
273,Battle Ready,1,10,25,1,1,
274,Blaster,1,10,25,1,1,
275,Cute,1,10,,,1,
276,Emblem,1,10,25,1,1,
277,Gauze,1,10,25,1,1,
278,Halo,1,10,25,1,1,
279,Heroes Never Die,1,10,25,1,1,
280,Huge Rez!!,1,10,25,1,1,
281,Icon,1,10,25,1,1,
282,Light,1,10,25,1,1,
283,Medic,1,10,25,1,1,
284,On Call,1,10,25,1,1,
285,Patched Up,1,10,25,1,1,
286,Pixel,1,10,,,1,
287,Resurrect,1,10,25,1,1,
288,Smile,1,10,25,1,1,
289,Stethoscope,1,10,25,1,1,
290,Sting,1,10,25,1,1,
291,Support,1,10,25,1,1,
292,Swiss,1,10,25,1,1,
293,Valkyrie,1,10,25,1,1,
294,Wings,1,10,25,1,1,
295,Ziegler,1,10,25,1,1,
296,Aerial Superiority,1,11,25,1,1,
297,Amari,1,11,25,1,1,
298,Ana,1,11,25,1,1,
299,Cobra,1,11,25,1,1,
300,Concussive Blast,1,11,25,1,1,
301,Cute,1,11,,,1,
302,Guardian,1,11,25,1,1,
303,Hieroglyph,1,11,25,1,1,
304,Icon,1,11,25,1,1,
305,Incoming,1,11,25,1,1,
306,Justice...,1,11,25,1,1,
307,On Guard,1,11,25,1,1,
308,Pixel,1,11,,,1,
309,Play Pharah,1,11,25,1,1,
310,Raptora,1,11,25,1,1,
311,Rocket Jump,1,11,25,1,1,
312,Rocket Launcher,1,11,25,1,1,
313,Salute,1,11,25,1,1,
314,Scarab,1,11,25,1,1,
315,Statue,1,11,25,1,1,
316,Stone,1,11,25,1,1,
317,Tattoo,1,11,25,1,1,
318,Wedjat,1,11,25,1,1,
319,Wings,1,11,25,1,1,
320,Wrist Launcher,1,11,25,1,1,
321,Blackwatch,1,12,25,1,1,
322,Blossom,1,12,25,1,1,
323,Cloaked,1,12,25,1,1,
324,Cute,1,12,,,1,
325,Death Blossom,1,12,25,1,1,
326,Death Comes,1,12,25,1,1,
327,Die Die Die,1,12,25,1,1,
328,Everywhere,1,12,25,1,1,
329,Grave,1,12,25,1,1,
330,Hellfire,1,12,25,1,1,
331,Hooded,1,12,25,1,1,
332,Horns,1,12,25,1,1,
333,Icon,1,12,25,1,1,
334,Oops,1,12,25,1,1,
335,Pixel,1,12,,,1,
336,Psst,1,12,25,1,1,
337,Reap On,1,12,25,1,1,
338,Reaping,1,12,25,1,1,
339,Revenge,1,12,25,1,1,
340,Scythes,1,12,25,1,1,
341,Shadow Step,1,12,25,1,1,
342,Shadow,1,12,25,1,1,
343,Silent,1,12,25,1,1,
344,Soul Globe,1,12,25,1,1,
345,Time To Kill,1,12,25,1,1,
346,Barrier,1,13,25,1,1,
347,Charge,1,13,25,1,1,
348,Cracks,1,13,25,1,1,
349,Crusader,1,13,25,1,1,
350,Cute,1,13,,,1,
351,Earthshatter,1,13,25,1,1,
352,Emblem,1,13,25,1,1,
353,Fire Strike,1,13,25,1,1,
354,Glorious,1,13,25,1,1,
355,Hammer Down,1,13,25,1,1,
356,Helm,1,13,25,1,1,
357,Honor,1,13,25,1,1,
358,Icon,1,13,25,1,1,
359,Knight,1,13,25,1,1,
360,Lion,1,13,25,1,1,
361,Pixel,1,13,,,1,
362,Roar,1,13,25,1,1,
363,Royal,1,13,25,1,1,
364,Shield Up,1,13,25,1,1,
365,Stein,1,13,25,1,1,
366,Swing,1,13,25,1,1,
367,Vigilant,1,13,25,1,1,
368,White,1,13,25,1,1,
369,Wilhelm,1,13,25,1,1,
370,Wrestle,1,13,25,1,1,
371,Breathin',1,14,25,1,1,
372,Cute,1,14,,,1,
373,Deep Thoughts,1,14,25,1,1,
374,Emblem,1,14,25,1,1,
375,Eyes,1,14,25,1,1,
376,Free Pig,1,14,25,1,1,
377,Fresh Meat,1,14,25,1,1,
378,Gotcha,1,14,25,1,1,
379,Grand Theft,1,14,25,1,1,
380,Helmet,1,14,25,1,1,
381,Here Piggy,1,14,25,1,1,
382,Hogpower,1,14,25,1,1,
383,Hooked,1,14,25,1,1,
384,Icon,1,14,25,1,1,
385,Left,1,14,25,1,1,
386,License,1,14,25,1,1,
387,Mako,1,14,25,1,1,
388,No Pork,1,14,25,1,1,
389,Piggy,1,14,25,1,1,
390,Pixel,1,14,,,1,
391,Popper,1,14,25,1,1,
392,Tails,1,14,25,1,1,
393,Toxic,1,14,25,1,1,
394,Wanted,1,14,25,1,1,
395,Wild Hog,1,14,25,1,1,
396,76,1,15,25,1,1,
397,All Soldiers,1,15,25,1,1,
398,American Hero,1,15,25,1,1,
399,Coin,1,15,25,1,1,
400,Cute,1,15,,,1,
401,Grave,1,15,25,1,1,
402,Grizzled,1,15,25,1,1,
403,Heal Up,1,15,25,1,1,
404,Helix,1,15,25,1,1,
405,Hooah,1,15,25,1,1,
406,Icon,1,15,25,1,1,
407,Jacket: 76,1,15,25,1,1,
408,Move!,1,15,25,1,1,
409,Muzzle,1,15,25,1,1,
410,Old Soldier,1,15,25,1,1,
411,Pixel,1,15,,,1,
412,Pulse Rifle,1,15,25,1,1,
413,Rifle: 76,1,15,25,1,1,
414,Rockets,1,15,25,1,1,
415,Salute,1,15,25,1,1,
416,Strike Commander,1,15,25,1,1,
417,Vigilante,1,15,25,1,1,
418,Vigilante (2),1,15,25,1,1,
419,Visor,1,15,25,1,1,
420,Wanted,1,15,25,1,1,
421,Agent,1,16,25,1,1,
422,Architect,1,16,25,1,1,
423,Behold,1,16,25,1,1,
424,Blueprint,1,16,25,1,1,
425,Builder,1,16,25,1,1,
426,Car Wash,1,16,25,1,1,
427,Caution,1,16,25,1,1,
428,Cute,1,16,,,1,
429,Design,1,16,25,1,1,
430,Glove,1,16,25,1,1,
431,Icon,1,16,25,1,1,
432,Light,1,16,25,1,1,
433,Lines,1,16,25,1,1,
434,Lotus,1,16,25,1,1,
435,Pixel,1,16,,,1,
436,Pose,1,16,25,1,1,
437,Projector,1,16,25,1,1,
438,Satya,1,16,25,1,1,
439,Superior,1,16,25,1,1,
440,The Path,1,16,25,1,1,
441,Vawani,1,16,25,1,1,
442,Vishkar,1,16,25,1,1,
443,Visor,1,16,25,1,1,
444,Weaver,1,16,25,1,1,
445,Will,1,16,25,1,1,
446,Armor,1,17,25,1,1,
447,Beard,1,17,25,1,1,
448,Catch A Ride,1,17,25,1,1,
449,Chef,1,17,25,1,1,
450,Claw,1,17,25,1,1,
451,Cute,1,17,,,1,
452,Fix It Up,1,17,25,1,1,
453,Forged,1,17,25,1,1,
454,Gears,1,17,25,1,1,
455,Get Ready,1,17,25,1,1,
456,Hammer,1,17,25,1,1,
457,Hot,1,17,25,1,1,
458,Icon,1,17,25,1,1,
459,Ironclad,1,17,25,1,1,
460,Kanon,1,17,25,1,1,
461,Mask,1,17,25,1,1,
462,Molten Core,1,17,25,1,1,
463,Pixel,1,17,,,1,
464,Ready to Work,1,17,25,1,1,
465,Run!,1,17,25,1,1,
466,Smält,1,17,25,1,1,
467,Stoic,1,17,25,1,1,
468,Turret,1,17,25,1,1,
469,Turrets,1,17,25,1,1,
470,Upgradera,1,17,25,1,1,
471,Blink,1,18,25,1,1,
472,Bombs Away!,1,18,25,1,1,
473,Cavalry's Here,1,18,25,1,1,
474,Cheers,1,18,25,1,1,
475,"Cheers, Love",1,18,25,1,1,
476,Clock's Tickin',1,18,25,1,1,
477,Confident,1,18,25,1,1,
478,Cute,1,18,,,1,
479,Fighter,1,18,25,1,1,
480,Icon,1,18,25,1,1,
481,Kneeling,1,18,25,1,1,
482,Lena,1,18,25,1,1,
483,Orange,1,18,25,1,1,
484,Pew! Pew! Pew!,1,18,25,1,1,
485,Pistols,1,18,25,1,1,
486,Pixel,1,18,,,1,
487,Portrait,1,18,25,1,1,
488,Poster,1,18,25,1,1,
489,Pulse Bomb,1,18,25,1,1,
490,Ready for Action,1,18,25,1,1,
491,Salute,1,18,25,1,1,
492,Shaded,1,18,25,1,1,
493,Tagged,1,18,25,1,1,
494,Whatcha' Lookin' At?,1,18,25,1,1,
495,Wings,1,18,25,1,1,
496,Baiser,1,19,25,1,1,
497,Black Widow,1,19,25,1,1,
498,Blood,1,19,25,1,1,
499,Crouch,1,19,25,1,1,
500,Cute,1,19,,,1,
501,Detected,1,19,25,1,1,
502,Emblem,1,19,25,1,1,
503,Gaze,1,19,25,1,1,
504,Hourglass,1,19,25,1,1,
505,Icon,1,19,25,1,1,
506,In My Sights,1,19,25,1,1,
507,Je Te Vois,1,19,25,1,1,
508,Kneeling,1,19,25,1,1,
509,No One Escapes,1,19,25,1,1,
510,Noire,1,19,25,1,1,
511,Pixel,1,19,,,1,
512,Portrait,1,19,25,1,1,
513,Scope,1,19,25,1,1,
514,Sniper,1,19,25,1,1,
515,Spider,1,19,25,1,1,
516,Swing,1,19,25,1,1,
517,Une Balle,1,19,25,1,1,
518,Veuve (Widow,1,19,25,1,1,
519,Widow,1,19,25,1,1,
520,Widow's Kiss,1,19,25,1,1,
521,Angry,1,20,25,1,1,
522,Ape Crossing,1,20,25,1,1,
523,Baby,1,20,25,1,1,
524,Banana,1,20,25,1,1,
525,Cute,1,20,,,1,
526,Explorer,1,20,25,1,1,
527,Fastball,1,20,25,1,1,
528,Harold,1,20,25,1,1,
529,Horizon,1,20,25,1,1,
530,Icon,1,20,25,1,1,
531,Lexigrams,1,20,25,1,1,
532,Lightning,1,20,25,1,1,
533,Mine!,1,20,25,1,1,
534,PB,1,20,25,1,1,
535,Pixel,1,20,,,1,
536,Primal Rage,1,20,25,1,1,
537,Q.E.D.,1,20,25,1,1,
538,Rage,1,20,25,1,1,
539,Research,1,20,25,1,1,
540,Roar,1,20,25,1,1,
541,Science!,1,20,25,1,1,
542,Serious,1,20,25,1,1,
543,Swing,1,20,25,1,1,
544,White,1,20,25,1,1,
545,Wow,1,20,25,1,1,
546,512,1,21,25,1,1,
547,Alexandra,1,21,25,1,1,
548,Avenger,1,21,25,1,1,
549,Avenger (2),1,21,25,1,1,
550,Barrier,1,21,25,1,1,
551,Bear,1,21,25,1,1,
552,Cannon,1,21,25,1,1,
553,Champion,1,21,25,1,1,
554,Cute,1,21,,,1,
555,Defender,1,21,25,1,1,
556,Focused,1,21,25,1,1,
557,Gun Show,1,21,25,1,1,
558,Icon,1,21,25,1,1,
559,Lift,1,21,25,1,1,
560,Pink,1,21,25,1,1,
561,Pixel,1,21,,,1,
562,Pumped,1,21,25,1,1,
563,Shield,1,21,25,1,1,
564,Smile,1,21,25,1,1,
565,Strength,1,21,25,1,1,
566,Surge,1,21,25,1,1,
567,Tobelstein,1,21,25,1,1,
568,We Are Strong,1,21,25,1,1,
569,Weights,1,21,25,1,1,
570,Wrestle,1,21,25,1,1,
571,Adorable,1,22,25,1,1,
572,Aura,1,22,25,1,1,
573,Balance,1,22,25,1,1,
574,Contemplative,1,22,25,1,1,
575,Cute,1,22,,,1,
576,Discord,1,22,25,1,1,
577,Enlightened,1,22,25,1,1,
578,Fist Bump,1,22,25,1,1,
579,Flow,1,22,25,1,1,
580,Foot,1,22,25,1,1,
581,Graphic,1,22,25,1,1,
582,Guru,1,22,25,1,1,
583,Hand,1,22,25,1,1,
584,Harmony,1,22,25,1,1,
585,Icon,1,22,25,1,1,
586,Inner Fire,1,22,25,1,1,
587,Nine,1,22,25,1,1,
588,Orb,1,22,25,1,1,
589,Orbs,1,22,25,1,1,
590,Peace,1,22,25,1,1,
591,Pixel,1,22,,,1,
592,Taunt,1,22,25,1,1,
593,Tekhartha,1,22,25,1,1,
594,Throw,1,22,25,1,1,
595,Together,1,22,25,1,1,
596,Justice Delivered,2,1,,,1,
597,"Children, Behave",2,1,,1,1,
598,Everyone Dies,2,1,,1,1,
599,It Takes A Woman To Know It,2,1,,1,1,
600,Justice Rains From Above,2,1,,1,1,
601,Mother Knows Best,2,1,,1,1,
602,No Scope Needed,2,1,,1,1,
603,Someone To Tuck You In? (Need someone to tuck you in?),2,1,,1,1,
604,What Are You Thinking?,2,1,,1,1,
605,Witness Me,2,1,,1,1,
606,You Know Nothing,2,1,,1,1,
607,Doo-Woo,2,2,,,1,
608,Beeple,2,2,,1,1,
609,Boo Boo Doo De Doo,2,2,,1,1,
610,Bweeeeeeeeeee,2,2,,1,1,
611,Chirr Chirr Chirr,2,2,,1,1,
612,Dun Dun Boop Boop,2,2,,1,1,
613,Dweet Dweet Dweet!,2,2,,1,1,
614,Hee Hoo Hoo,2,2,,1,1,
615,Ooh-Ooo-Hoo-Hoo,2,2,,1,1,
616,Sh-Sh-Sh,2,2,,1,1,
617,Zwee?,2,2,,1,1,
618,;),2,3,,1,1,
619,A New Challenger!,2,3,,1,1,
620,AFK,2,3,,1,1,
621,"Aw, Yeah!",2,3,,1,1,
622,"D.Va: 1, Bad Guys: 0",2,3,,1,1,
623,GG!,2,3,,1,1,
624,I Play to Win,2,3,,1,1,
625,Is This Easy Mode?,2,3,,1,1,
626,LOL,2,3,,1,1,
627,No Hacks Required,2,3,,1,1,
628,A Steady Blade,2,4,,,1,
629,Come On!,2,4,,1,1,
630,Damn!,2,4,,1,1,
631,Prepare yourself!,2,4,,1,1,
632,Let's Fight!,2,4,,1,1,
633,"Measure Twice, Cut Once",2,4,,1,1,
634,My Soul Seeks Balance,2,4,,1,1,
635,Not Good Enough,2,4,,1,1,
636,Simple,2,4,,1,1,
637,Yeah!,2,4,,1,1,
638,You Are Only Human,2,4,,1,1,
639,Expect Nothing Less,2,5,,,1,
640,Flow Like Water,2,5,,1,1,
641,From One Thing...,2,5,,1,1,
642,Hm...,2,5,,1,1,
643,I Do What I Must,2,5,,1,1,
644,Never In Doubt,2,5,,1,1,
645,Never Second Best,2,5,,1,1,
646,Remember This Moment,2,5,,1,1,
647,Sake!,2,5,,1,1,
648,Spirit Dragon,2,5,,1,1,
649,Step Into the Dojo,2,5,,1,1,
650,Tick-Tock-Tick-Tock,2,6,,,1,
651,...Blow It Up Again,2,6,,1,1,
652,Anyone Want Some BBQ?,2,6,,1,1,
653,Brrring!,2,6,,1,1,
654,Coming Up Explodey!,2,6,,1,1,
655,Happy Birthday,2,6,,1,1,
656,Have A Nice Day!,2,6,,1,1,
657,It's The Little Things,2,6,,1,1,
658,Kaboom,2,6,,1,1,
659,"Ooh, Shiny",2,6,,1,1,
660,Smile!,2,6,,1,1,
661,To The Rhythm,2,7,,,1,
662,"Can't Stop, Won't Stop",2,7,,1,1,
663,Hit Me!,2,7,,1,1,
664,I'm On Top Of The World!,2,7,,1,1,
665,I Could Do This All Day,2,7,,1,1,
666,Jackpot!,2,7,,1,1,
667,Not Hearing That Noise,2,7,,1,1,
668,"Oh, Yeah!",2,7,,1,1,
669,Tinnitus,2,7,,1,1,
670,Why Are You So Angry?,2,7,,1,1,
671,You Gotta Believe!,2,7,,1,1,
672,Watch And Learn,2,8,,,1,
673,Ain't I Killed You Before,2,8,,1,1,
674,Happens To The Best Of Us,2,8,,1,1,
675,I'm The Quick...,2,8,,1,1,
676,I'm Your Huckleberry,2,8,,1,1,
677,I've Got A Bullet...,2,8,,1,1,
678,I Tried Being Reasonable,2,8,,1,1,
679,Reach For The Sky,2,8,,1,1,
680,Sure As Hell Ain't Ugly,2,8,,1,1,
681,Wanted: Dead Or Alive,2,8,,1,1,
682,You Done?,2,8,,1,1,
683,Hang In There,2,9,,,1,
684,Fight For Our World,2,9,,1,1,
685,A-Mei-Zing!,2,9,,1,1,
686,Chill Out!,2,9,,1,1,
687,Learned Your Lesson,2,9,,1,1,
688,Okay!,2,9,,1,1,
689,"Ouch, Are You Okay?",2,9,,1,1,
690,Sorry Sorry Sorry Sorry,2,9,,1,1,
691,That Was Great,2,9,,1,1,
692,Yay!,2,9,,1,1,
693,You Have To Let It Go,2,9,,1,1,
694,I Have My Eye On You,2,10,,,1,
695,Consultation Fee,2,10,,1,1,
696,Doctor's Orders,2,10,,1,1,
697,How Barbaric,2,10,,1,1,
698,Miracle Worker,2,10,,1,1,
699,Need A Second Opinion?,2,10,,1,1,
700,On A Scale Of 1-10,2,10,,1,1,
701,Super!,2,10,,1,1,
702,Take Two,2,10,,1,1,
703,The Doctor Is In,2,10,,1,1,
704,The Doctor Will See You,2,10,,1,1,
705,Security In My Hands,2,11,,,1,
706,Aerial Superiority Achieved,2,11,,1,1,
707,Fly Like An Egyptian,2,11,,1,1,
708,Flying The Friendly Skies,2,11,,1,1,
709,Got You On My Radar,2,11,,1,1,
710,Leave This To A Professional,2,11,,1,1,
711,Not A Chance,2,11,,1,1,
712,"Play Nice, Play Pharah",2,11,,1,1,
713,Rocket Jump?,2,11,,1,1,
714,Shot Down,2,11,,1,1,
715,"Sorry, But I Need To Jet",2,11,,1,1,
716,What Are You Looking At,2,12,,,1,
717,Dead Man Walking,2,12,,1,1,
718,Give Me A Break,2,12,,1,1,
719,Haven't I Killed You,2,12,,1,1,
720,I'm Back In Black,2,12,,1,1,
721,"If It Lives, I Can Kill It",2,12,,1,1,
722,Next,2,12,,1,1,
723,Psychopath,2,12,,1,1,
724,Seen A Ghost?,2,12,,1,1,
725,Too Easy,2,12,,1,1,
726,Was That All?,2,12,,1,1,
727,I Salute You,2,13,,,1,
728,Are You Afraid?,2,13,,1,1,
729,Bring Me Another,2,13,,1,1,
730,Catch Phrase!,2,13,,1,1,
731,Crusader Online,2,13,,1,1,
732,Crushing Machine,2,13,,1,1,
733,German Engineering,2,13,,1,1,
734,Honor And Glory,2,13,,1,1,
735,Respect Your Elders,2,13,,1,1,
736,Show You How It's Done,2,13,,1,1,
737,This Old Dog,2,13,,1,1,
738,The Apocalypse,2,14,,,1,
739,Candy From A Baby,2,14,,1,1,
740,Got Something To Say?,2,14,,1,1,
741,Hahaha!,2,14,,1,1,
742,"Hook, Line, And Sinker",2,14,,1,1,
743,"Life Is Pain, So Is Death",2,14,,1,1,
744,Piece Of Cake,2,14,,1,1,
745,Push Off,2,14,,1,1,
746,"Say \""Bacon\""...",2,14,,1,1,
747,Violence Is The Answer,2,14,,1,1,
748,I've Still Got It,2,15,,,1,
749,Get Off My Lawn,2,15,,1,1,
750,I'm An Army Of One,2,15,,1,1,
751,I Didn't Start This War...,2,15,,1,1,
752,Not On My Watch,2,15,,1,1,
753,Old Soldiers,2,15,,1,1,
754,Smells Like Victory,2,15,,1,1,
755,"That's \""Sir\"" To You",2,15,,1,1,
756,What Are You Lookin' At?,2,15,,1,1,
757,You're The Other One,2,15,,1,1,
758,You Didn't Make The Cut,2,15,,1,1,
759,Such A Lack Of Imagination,2,16,,,1,
760,Everything By Design,2,16,,1,1,
761,Exquisite,2,16,,1,1,
762,How Unsightly,2,16,,1,1,
763,I Don't Think So,2,16,,1,1,
764,Impressive,2,16,,1,1,
765,Perfect Harmony,2,16,,1,1,
766,Precisely,2,16,,1,1,
767,Put You In Your Place,2,16,,1,1,
768,Welcome To My Reality,2,16,,1,1,
769,Why Do You Struggle?,2,16,,1,1,
770,Hard Work Pays Off,2,17,,,1,
771,A Chicken Out Of A Feather,2,17,,1,1,
772,Completion Date?,2,17,,1,1,
773,Don't Get Caught,2,17,,1,1,
774,Engineers,2,17,,1,1,
775,I'm Giving It All I've Got!,2,17,,1,1,
776,I'm Swedish!,2,17,,1,1,
777,Leave This To An Expert,2,17,,1,1,
778,Let's Not Buy The Pig,2,17,,1,1,
779,Some Assembly Required,2,17,,1,1,
780,Working As Intended,2,17,,1,1,
781,You Got It,2,18,,,1,
782,"Aw, Rubbish",2,18,,1,1,
783,Be Right Back!,2,18,,1,1,
784,Check Me Out,2,18,,1,1,
785,"Cheers, Love!",2,18,,1,1,
786,DÃ©jÃ Vu,2,18,,1,1,
787,Keep Calm,2,18,,1,1,
788,"She Shoots, She Scores",2,18,,1,1,
789,The World Needs Heroes,2,18,,1,1,
790,Under Control,2,18,,1,1,
791,You Need A Time Out,2,18,,1,1,
792,A Single Death,2,19,,,1,
793,Encore?,2,19,,1,1,
794,Let Them Eat Cake,2,19,,1,1,
795,Look For The Woman,2,19,,1,1,
796,Magnifique,2,19,,1,1,
797,"One Shot, One Kill",2,19,,1,1,
798,Ouh La La,2,19,,1,1,
799,Step Into My Parlor...,2,19,,1,1,
800,That's How It Is,2,19,,1,1,
801,"To Life, To Death",2,19,,1,1,
802,What's An Aimbot?,2,19,,1,1,
803,Curious,2,20,,,1,
804,...Excuse Me,2,20,,1,1,
805,Don't Get Me Angry,2,20,,1,1,
806,How Embarrassing!,2,20,,1,1,
807,I Do Not Want A Banana,2,20,,1,1,
808,Natural Selection,2,20,,1,1,
809,No Monkey Business,2,20,,1,1,
810,Peanut Butter?,2,20,,1,1,
811,Sorry About That!,2,20,,1,1,
812,The Power Of Science!,2,20,,1,1,
813,We Have A Problem,2,20,,1,1,
814,Strong As The Mountain,2,21,,,1,
815,"Get Down, Give Me 20",2,21,,1,1,
816,I Am Mother Russia,2,21,,1,1,
817,I Can Bench More Than You,2,21,,1,1,
818,I Will Break You,2,21,,1,1,
819,"In Russia, Game Play You",2,21,,1,1,
820,Need Personal Training?,2,21,,1,1,
821,No Mercy,2,21,,1,1,
822,Siberian Bear,2,21,,1,1,
823,Together We Are Strong,2,21,,1,1,
824,Welcome To The Gun Show,2,21,,1,1,
825,We Are In Harmony,2,22,,,1,
826,Death Is Whimsical Today,2,22,,1,1,
827,Do I Think?,2,22,,1,1,
828,Free Your Mind,2,22,,1,1,
829,"Hello, World!",2,22,,1,1,
830,I Dreamt I Was A Butterfly,2,22,,1,1,
831,"I Think, Therefore I Am",2,22,,1,1,
832,I Will Not Juggle,2,22,,1,1,
833,Ones And Zeroes,2,22,,1,1,
834,Peace And Blessings,2,22,,1,1,
835,The Iris Embraces You,2,22,,1,1,
836,Default (Black),3,,,,2,
837,Default (White),3,,,,2,
838,Bastion,3,,,,2,
839,Ganymede,3,,,,2,
840,Tank Crossing,3,,,,2,
841,D.Va,3,,,,2,
842,Bunny,3,,,,2,
843,Charm,3,,,,2,
844,Genji,3,,,,2,
845,God of War,3,,,,2,
846,Nin,3,,,,2,
847,Hanzo,3,,,,2,
848,Shimada,3,,,,2,
849,Storm,3,,,,2,
850,Junkrat,3,,,,2,
851,Ahhhh!,3,,,,2,
852,Bomb,3,,,,2,
853,Lúcio,3,,,,2,
854,Frog,3,,,,2,
855,Kambô,3,,,,2,
856,McCree,3,,,,2,
857,Badge,3,,,,2,
858,Deadeye,3,,,,2,
859,Mei,3,,,,2,
860,Hairpin,3,,,,2,
861,Snowball,3,,,,2,
862,Mercy,3,,,,2,
863,Guardian Angel,3,,,,2,
864,Valkyrie,3,,,,2,
865,Pharah,3,,,,2,
866,Raptora,3,,,,2,
867,Wadjet,3,,,,2,
868,Reaper,3,,,,2,
869,Emblem,3,,,,2,
870,Soul,3,,,,2,
871,Reinhardt,3,,,,2,
872,Lionhardt,3,,,,2,
873,Scar,3,,,,2,
874,Roadhog,3,,,,2,
875,Hook,3,,,,2,
876,Piggy,3,,,,2,
877,Soldier: 76,3,,,,2,
878,Strike-Commander,3,,,,2,
879,76,3,,,,2,
880,Symmetra,3,,,,2,
881,Sentry,3,,,,2,
882,Vishkar,3,,,,2,
883,Torbjörn,3,,,,2,
884,Forge,3,,,,2,
885,Gears,3,,,,2,
886,Tracer,3,,,,2,
887,Patch,3,,,,2,
888,Pulse Bomb,3,,,,2,
889,Widowmaker,3,,,,2,
890,Baiser,3,,,,2,
891,Grappling Hook,3,,,,2,
892,Winston,3,,,,2,
893,Lunar Ops,3,,,,2,
894,Peanut Butter,3,,,,2,
895,Zarya,3,,,,2,
896,Particle Barrier,3,,,,2,
897,512,3,,,,2,
898,Zenyatta,3,,,,2,
899,Harmony,3,,,,2,
900,Meditation,3,,,,2,
901,16-Bit Hero,3,,,,2,
902,Anubis,3,,,,2,
903,Bao,3,,,,2,
904,Capsule,3,,,,2,
905,Cheers,3,,,,2,
906,Colossus,3,,,,2,
907,Credit,3,,,,2,
908,Demolition,3,,,,2,
909,Elephant,3,,,,2,
910,Happy Squid,3,,,,2,
911,Kofi Aromo,3,,,,2,
912,Loot Box,3,,,,2,
913,Los Muertos,3,,,,2,
914,Mama Pig's,3,,,,2,
915,Mariachi,3,,,,2,
916,Mech,3,,,,2,
917,Pachimari,3,,,,2,
918,Pharaoh,3,,,,2,
919,Pinata,3,,,,2,
920,Ramen,3,,,,2,
921,Rhino,3,,,,2,
922,Route 66,3,,,,2,
923,Sakura,3,,,,2,
924,Scooter,3,,,,2,
925,Six-Gun Killer,3,,,,2,
926,Syvatogor,3,,,,2,
927,They Came From Beyond The Moon,3,,,,2,
928,Totem,3,,,,2,
929,Training Bot,3,,,,2,
930,Vivi,3,,,,2,
931,Alliance,3,,,,2,
932,Barbarian,3,,,,2,
933,Crusader,3,,,,2,
934,Dark Lady,3,,,,2,
935,Diablo,3,,,,2,
936,Dominion,3,,,,2,
937,For The Horde,3,,,,2,
938,Garrosh,3,,,,2,
939,Hearthstone,3,,,,2,
940,Hierarch,3,,,,2,
941,Jaina,3,,,,2,
942,Jim,3,,,,2,
943,Lich King,3,,,,2,
944,Monk,3,,,,2,
945,Murloc,3,,,,2,
946,Nexus,3,,,,2,
947,Protoss,3,,,,2,
948,Queen of Blades,3,,,,2,
949,Terran,3,,,,2,
950,Witch Doctor,3,,,,2,
951,Wizard,3,,,,2,
952,Zerg,3,,,,2,
953,Blue Scars,3,,,,2,
954,Hooded Lady,3,,,,2,
955,Spaceman Sunglasses,3,,,,2,
956,Top 500,3,,,,2,
957,Season 1 Competitor,3,,,,2,
958,Season 1 Hero,3,,,,2,
959,Heroic,4,1,,,1,
960,Mission Complete,4,1,75,1,2,
961,Protector,4,1,75,1,2,
962,Seated,4,1,75,1,2,
963,Heroic,4,2,,,1,
964,Birdwatching,4,2,75,1,2,
965,Pop Up,4,2,75,1,2,
966,Tank,4,2,75,1,2,
967,Heroic,4,3,,,1,
968,Sitting,4,3,75,1,2,
969,I Heart You,4,3,75,1,2,
970,Peace,4,3,75,1,2,
971,Heroic,4,4,,,1,
972,Kneeling,4,4,75,1,2,
973,Shuriken,4,4,75,1,2,
974,Sword Stance,4,4,75,1,2,
975,Heroic,4,5,,,1,
976,Confident,4,5,75,1,2,
977,Kneeling,4,5,75,1,2,
978,Over The Shoulder,4,5,75,1,2,
979,Heroic,4,6,,,1,
980,It’ll Freeze That Way,4,6,75,1,2,
981,Kneeling,4,6,75,1,2,
982,Nyah Nyah,4,6,75,1,2,
983,Heroic,4,7,,,1,
984,Confident,4,7,75,1,2,
985,Grooving,4,7,75,1,2,
986,Ready For Action,4,7,75,1,2,
987,Heroic,4,8,,,1,
988,Contemplative,4,8,75,1,2,
989,Over The Shoulder,4,8,75,1,2,
990,Take It Easy,4,8,75,1,2,
991,Heroic,4,9,,,1,
992,Hands On Hips,4,9,75,1,2,
993,Casual,4,9,75,1,2,
994,Kneeling,4,9,75,1,2,
995,Heroic,4,10,,,1,
996,Carefree,4,10,75,1,2,
997,Angelic,4,10,75,1,2,
998,Ready For Battle,4,10,75,1,2,
999,Heroic,4,11,,,1,
1000,Kneeling,4,11,75,1,2,
1001,Guardian,4,11,75,1,2,
1002,Jump Jet,4,11,75,1,2,
1003,Heroic,4,12,,,1,
1004,Casual,4,12,75,1,2,
1005,Enigmatic,4,12,75,1,2,
1006,Menacing,4,12,75,1,2,
1007,Heroic,4,13,,,1,
1008,Confident,4,13,75,1,2,
1009,Flex,4,13,75,1,2,
1010,Legendary,4,13,75,1,2,
1011,Heroic,4,14,,,1,
1012,Pointing To The Sky,4,14,75,1,2,
1013,Thumbs Up,4,14,75,1,2,
1014,Tuckered Out,4,14,75,1,2,
1015,Heroic,4,15,,,1,
1016,Fist Pump,4,15,75,1,2,
1017,Locked And Loaded,4,15,75,1,2,
1018,Soldier,4,15,75,1,2,
1019,Heroic,4,16,,,1,
1020,Balance,4,16,75,1,2,
1021,Creation,4,16,75,1,2,
1022,Dance,4,16,75,1,2,
1023,Heroic,4,17,,,1,
1024,Hammer,4,17,75,1,2,
1025,Sitting Pretty,4,17,75,1,2,
1026,Take Five,4,17,75,1,2,
1027,Heroic,4,18,,,1,
1028,Salute,4,18,75,1,2,
1029,Over The Shoulder,4,18,75,1,2,
1030,Sitting,4,18,75,1,2,
1031,Heroic,4,19,,,1,
1032,Activating Visor,4,19,75,1,2,
1033,Gaze,4,19,75,1,2,
1034,Over The Shoulder,4,19,75,1,2,
1035,Heroic,4,20,,,1,
1036,Beast,4,20,75,1,2,
1037,Glasses,4,20,75,1,2,
1038,The Thinker,4,20,75,1,2,
1039,Heroic,4,21,,,1,
1040,Casual,4,21,75,1,2,
1041,Check Out This Gun,4,21,75,1,2,
1042,Flexing,4,21,75,1,2,
1043,Heroic,4,22,,,1,
1044,Balance,4,22,75,1,2,
1045,Harmony,4,22,75,1,2,
1046,Peace,4,22,75,1,2,
1047,Heroic,5,1,,,1,
1048,Disapproving,5,1,250,1,3,
1049,Protector,5,1,250,1,3,
1050,Tea Time,5,1,250,1,3,
1051,Heroic,5,2,,,1,
1052,Dizzy,5,2,250,1,3,
1053,Alert! Alert!,5,2,250,1,3,
1054,Robot,5,2,250,1,3,
1055,Heroic,5,3,,,1,
1056,Bunny Hop,5,3,250,1,3,
1057,Heartbreaker,5,3,250,1,3,
1058,Party Time,5,3,250,1,3,
1059,Heroic,5,4,,,1,
1060,Challenge,5,4,250,1,3,
1061,Cutting Edge,5,4,250,1,3,
1062,Salute,5,4,250,1,3,
1063,Heroic,5,5,,,1,
1064,Victory,5,5,250,1,3,
1065,Beckon,5,5,250,1,3,
1066,Brush Shoulder,5,5,250,1,3,
1067,Heroic,5,6,,,1,
1068,Juggling,5,6,250,1,3,
1069,Puppet,5,6,250,1,3,
1070,Vaudeville,5,6,250,1,3,
1071,Heroic,5,7,,,1,
1072,Capoeira,5,7,250,1,3,
1073,In The Groove,5,7,250,1,3,
1074,Nah!,5,7,250,1,3,
1075,Heroic,5,8,,,1,
1076,Gunspinning,5,8,250,1,3,
1077,Hat Tip,5,8,250,1,3,
1078,Spit,5,8,250,1,3,
1079,Heroic,5,9,,,1,
1080,Companion,5,9,250,1,3,
1081,Spray,5,9,250,1,3,
1082,Yaaaaaaaaay!,5,9,250,1,3,
1083,Heroic,5,10,,,1,
1084,Applause,5,10,250,1,3,
1085,Caduceus,5,10,250,1,3,
1086,No Pulse,5,10,250,1,3,
1087,Heroic,5,11,,,1,
1088,Cheer,5,11,250,1,3,
1089,Flourish,5,11,250,1,3,
1090,Knuckles,5,11,250,1,3,
1091,Heroic,5,12,,,1,
1092,Not Impressed,5,12,250,1,3,
1093,Slice,5,12,250,1,3,
1094,Slow Clap,5,12,250,1,3,
1095,Heroic,5,13,,,1,
1096,Flex,5,13,250,1,3,
1097,Taunt,5,13,250,1,3,
1098,Warrior’s Salute,5,13,250,1,3,
1099,Heroic,5,14,,,1,
1100,Boo!,5,14,250,1,3,
1101,Can Crusher,5,14,250,1,3,
1102,Headbanging,5,14,250,1,3,
1103,Heroic,5,15,,,1,
1104,Fist,5,15,250,1,3,
1105,I See You,5,15,250,1,3,
1106,Locked And Loaded,5,15,250,1,3,
1107,Heroic,5,16,,,1,
1108,Clap,5,16,250,1,3,
1109,Flow,5,16,250,1,3,
1110,Insignificant,5,16,250,1,3,
1111,Heroic,5,17,,,1,
1112,Clicking Heels,5,17,250,1,3,
1113,Fisticuffs,5,17,250,1,3,
1114,Overload,5,17,250,1,3,
1115,Heroic,5,18,,,1,
1116,Cheer,5,18,250,1,3,
1117,Laughing,5,18,250,1,3,
1118,Spin,5,18,250,1,3,
1119,Heroic,5,19,,,1,
1120,Curtain Call,5,19,250,1,3,
1121,Shot Dead,5,19,250,1,3,
1122,Widow's Kiss,5,19,250,1,3,
1123,Heroic,5,20,,,1,
1124,Monkey Business,5,20,250,1,3,
1125,Peanut Butter?,5,20,250,1,3,
1126,Roar,5,20,250,1,3,
1127,Heroic,5,21,,,1,
1128,Bring It On,5,21,250,1,3,
1129,Crush You,5,21,250,1,3,
1130,Pumping Iron,5,21,250,1,3,
1131,Heroic,5,22,,,1,
1132,Focusing,5,22,250,1,3,
1133,Round Of Applause,5,22,250,1,3,
1134,Taunt,5,22,250,1,3,
1135,Heroic,6,1,,,1,
1136,Guardian,6,1,250,1,3,
1137,Locked On,6,1,250,1,3,
1138,Shh…,6,1,250,1,3,
1139,Heroic,6,2,,,1,
1140,Bullet Rain,6,2,250,1,3,
1141,Ganymede,6,2,250,1,3,
1142,On Guard,6,2,250,1,3,
1143,Heroic,6,3,,,1,
1144,Eject,6,3,250,1,3,
1145,Lying Around,6,3,250,1,3,
1146,Meka Activated,6,3,250,1,3,
1147,Heroic,6,4,,,1,
1148,Shuriken,6,4,250,1,3,
1149,Unsheathing The Sword,6,4,250,1,3,
1150,Warrior’s Salute,6,4,250,1,3,
1151,Heroic,6,5,,,1,
1152,Backflip,6,5,250,1,3,
1153,My Aim Is True,6,5,250,1,3,
1154,Superior,6,5,250,1,3,
1155,Heroic,6,6,,,1,
1156,I'm Flying!,6,6,250,1,3,
1157,Rip-Tire,6,6,250,1,3,
1158,Unfortunate,6,6,250,1,3,
1159,Heroic,6,7,,,1,
1160,Drop The Beat,6,7,250,1,3,
1161,Freestyle,6,7,250,1,3,
1162,In The Groove,6,7,250,1,3,
1163,Heroic,6,8,,,1,
1164,Rolling Into Action,6,8,250,1,3,
1165,The Duel,6,8,250,1,3,
1166,The Name’s McCree,6,8,250,1,3,
1167,Heroic,6,9,,,1,
1168,Skating Around,6,9,250,1,3,
1169,Frosty :),6,9,250,1,3,
1170,Going Up,6,9,250,1,3,
1171,Heroic,6,10,,,1,
1172,Battle Angel,6,10,250,1,3,
1173,Guardian Angel,6,10,250,1,3,
1174,Heroes Never Die,6,10,250,1,3,
1175,Heroic,6,11,,,1,
1176,Barrage,6,11,250,1,3,
1177,Mission Complete,6,11,250,1,3,
1178,Touchdown,6,11,250,1,3,
1179,Heroic,6,12,,,1,
1180,Death Blossom,6,12,250,1,3,
1181,Executioner,6,12,250,1,3,
1182,Shadow Step,6,12,250,1,3,
1183,Heroic,6,13,,,1,
1184,Charge,6,13,250,1,3,
1185,Hammer Down,6,13,250,1,3,
1186,More Stretching Required,6,13,250,1,3,
1187,Heroic,6,14,,,1,
1188,Little Piggy,6,14,250,1,3,
1189,"Say “Cheese""",6,14,250,1,3,
1190,Whole Hog,6,14,250,1,3,
1191,Heroic,6,15,,,1,
1192,Helix,6,15,250,1,3,
1193,Looking At You,6,15,250,1,3,
1194,Target Rich Environment,6,15,250,1,3,
1195,Heroic,6,16,,,1,
1196,My Reality,6,16,250,1,3,
1197,Askew,6,16,250,1,3,
1198,Dance,6,16,250,1,3,
1199,Heroic,6,17,,,1,
1200,In Your Face,6,17,250,1,3,
1201,Refreshing,6,17,250,1,3,
1202,Ride ‘Em,6,17,250,1,3,
1203,Heroic,6,18,,,1,
1204,Serious Business,6,18,250,1,3,
1205,Backflip,6,18,250,1,3,
1206,Just In Time,6,18,250,1,3,
1207,Heroic,6,19,,,1,
1208,Hanging Around,6,19,250,1,3,
1209,I See You…,6,19,250,1,3,
1210,Swinging Into Action,6,19,250,1,3,
1211,Heroic,6,20,,,1,
1212,Excuse Me,6,20,250,1,3,
1213,Glasses,6,20,250,1,3,
1214,Primal Rage,6,20,250,1,3,
1215,Heroic,6,21,,,1,
1216,Deadlift,6,21,250,1,3,
1217,Maximum Charge,6,21,250,1,3,
1218,This Is Strength,6,21,250,1,3,
1219,Heroic,6,22,,,1,
1220,Focused,6,22,250,1,3,
1221,Harmony And Discord,6,22,250,1,3,
1222,Transcendence,6,22,250,1,3,
1223,Classic,7,1,,,1,
1224,Citrine,7,1,75,1,2,
1225,Garnet,7,1,75,1,2,
1226,Peridot,7,1,75,1,2,
1227,Turquoise,7,1,75,1,2,
1228,Merciful,7,1,250,1,3,
1229,Shrike,7,1,250,1,3,
1230,Wadjet,7,1,1000,1,4,
1231,Wasteland,7,1,1000,1,4,
1232,Captain Amari,7,1,1000,1,4,
1233,Horus,7,1,1000,1,4,
1234,Classic,7,2,,,1,
1235,Dawn,7,2,75,1,2,
1236,Sky,7,2,75,1,2,
1237,Meadow,7,2,75,1,2,
1238,Soot,7,2,75,1,2,
1239,Defense Matrix,7,2,250,1,3,
1240,Omnic Crisis,7,2,250,1,3,
1241,Overgrown,7,2,,,4,
1242,Antique,7,2,1000,1,4,
1243,Woodbot,7,2,1000,1,4,
1244,Gearbot,7,2,1000,1,4,
1245,Steambot,7,2,1000,1,4,
1246,Classic,7,3,,,1,
1247,Blueberry,7,3,75,1,2,
1248,Tangerine,7,3,75,1,2,
1249,Watermelon,7,3,75,1,2,
1250,Lemon-lime,7,3,75,1,2,
1251,Carbon Fiber,7,3,250,1,3,
1252,White Rabbit,7,3,250,1,3,
1253,Junker,7,3,1000,1,4,
1254,Scavenger,7,3,1000,1,4,
1255,B.Va,7,3,1000,1,4,
1256,Junebug,7,3,1000,1,4,
1257,Classic,7,4,,,1,
1258,Azurite,7,4,75,1,2,
1259,Cinnabar,7,4,75,1,2,
1260,Malachite,7,4,75,1,2,
1261,Ochre,7,4,75,1,2,
1262,Carbon Fiber,7,4,250,1,3,
1263,Chrome,7,4,250,1,3,
1264,Sparrow,7,4,1000,1,4,
1265,Young Genji,7,4,1000,1,4,
1266,Bedouin,7,4,1000,1,4,
1267,Nomad,7,4,1000,1,4,
1268,Classic,7,5,,,1,
1269,Azuki,7,5,75,1,2,
1270,Kinoko,7,5,75,1,2,
1271,Midori,7,5,75,1,2,
1272,Sora,7,5,75,1,2,
1273,Cloud,7,5,250,1,3,
1274,Dragon,7,5,250,1,3,
1275,Young Master,7,5,1000,1,4,
1276,Young Hanzo,7,5,1000,1,4,
1277,Lone Wolf,7,5,1000,1,4,
1278,Okami,7,5,1000,1,4,
1279,Classic,7,6,,,1,
1280,Bleached,7,6,75,1,2,
1281,Drowned,7,6,75,1,2,
1282,Irradiated,7,6,75,1,2,
1283,Rusted,7,6,75,1,2,
1284,Jailbird,7,6,250,1,3,
1285,Toasted,7,6,250,1,3,
1286,Fool,7,6,1000,1,4,
1287,Jester,7,6,1000,1,4,
1288,Hayseed,7,6,1000,1,4,
1289,Scarecrow,7,6,1000,1,4,
1290,Classic,7,7,,,1,
1291,Azul,7,7,75,1,2,
1292,Vermelho,7,7,75,1,2,
1293,Laranja,7,7,75,1,2,
1294,Roxo,7,7,75,1,2,
1295,Auditiva,7,7,250,1,3,
1296,Synaesthesia,7,7,250,1,3,
1297,Hippityhop,7,7,1000,1,4,
1298,Ribbit,7,7,1000,1,4,
1299,Breakaway,7,7,1000,1,4,
1300,Slapshot,7,7,1000,1,4,
1301,Classic,7,8,,,1,
1302,Ebony,7,8,75,1,2,
1303,Lake,7,8,75,1,2,
1304,Sage,7,8,75,1,2,
1305,Wheat,7,8,75,1,2,
1306,On The Range,7,8,250,1,3,
1307,White Hat,7,8,250,1,3,
1308,Gambler,7,8,1000,1,4,
1309,Riverboat,7,8,1000,1,4,
1310,Mystery Man,7,8,1000,1,4,
1311,Vigilante,7,8,1000,1,4,
1312,Classic,7,9,,,1,
1313,Persimmon,7,9,75,1,2,
1314,Chrysanthemum,7,9,75,1,2,
1315,Heliotrope,7,9,75,1,2,
1316,Jade,7,9,75,1,2,
1317,Earthen,7,9,250,1,3,
1318,Snow Plum,7,9,250,1,3,
1319,Firefighter,7,9,1000,1,4,
1320,Rescue Mei,7,9,1000,1,4,
1321,Abominable,7,9,1000,1,4,
1322,Yeti Hunter,7,9,1000,1,4,
1323,Classic,7,10,,,1,
1324,Mist,7,10,75,1,2,
1325,Orchid,7,10,75,1,2,
1326,Verdant,7,10,75,1,2,
1327,Celestial,7,10,75,1,2,
1328,Amber,7,10,250,1,3,
1329,Cobalt,7,10,250,1,3,
1330,Sigrún,7,10,1000,1,4,
1331,Valkyrie,7,10,1000,1,4,
1332,Devil,7,10,1000,1,4,
1333,Imp,7,10,1000,1,4,
1334,Classic,7,11,,,1,
1335,Amethyst,7,11,75,1,2,
1336,Copper,7,11,75,1,2,
1337,Emerald,7,11,75,1,2,
1338,Titanium,7,11,75,1,2,
1339,Anubis,7,11,250,1,3,
1340,Jackal,7,11,250,1,3,
1341,Security Chief,7,11,,,4,
1342,Mechaqueen,7,11,1000,1,4,
1343,Raptorion,7,11,1000,1,4,
1344,Raindancer,7,11,1000,1,4,
1345,Thunderbird,7,11,1000,1,4,
1346,Classic,7,12,,,1,
1347,Blood,7,12,75,1,2,
1348,Midnight,7,12,75,1,2,
1349,Moss,7,12,75,1,2,
1350,Royal,7,12,75,1,2,
1351,Desert,7,12,250,1,3,
1352,Wight,7,12,250,1,3,
1353,Blackwatch Reyes,7,12,,,4,
1354,Nevermore,7,12,1000,1,4,
1355,Plague Doctor,7,12,1000,1,4,
1356,El Blanco,7,12,1000,1,4,
1357,Mariachi,7,12,1000,1,4,
1358,Classic,7,13,,,1,
1359,Cobalt,7,13,75,1,2,
1360,Brass,7,13,75,1,2,
1361,Copper,7,13,75,1,2,
1362,Veridian,7,13,75,1,2,
1363,Bundeswehr,7,13,250,1,3,
1364,Paragon,7,13,250,1,3,
1365,Lionhardt,7,13,1000,1,4,
1366,Blackhardt,7,13,1000,1,4,
1367,Bloodhardt,7,13,1000,1,4,
1368,Stonehardt,7,13,1000,1,4,
1369,Classic,7,14,,,1,
1370,Kiwi,7,14,75,1,2,
1371,Mud,7,14,75,1,2,
1372,Sand,7,14,75,1,2,
1373,Thistle,7,14,75,1,2,
1374,Stitched,7,14,250,1,3,
1375,Pigpen,7,14,250,1,3,
1376,Islander,7,14,1000,1,4,
1377,Toa,7,14,1000,1,4,
1378,Mako,7,14,1000,1,4,
1379,Sharkbait,7,14,1000,1,4,
1380,Classic,7,15,,,1,
1381,Smoke,7,15,75,1,2,
1382,Jet,7,15,75,1,2,
1383,Olive,7,15,75,1,2,
1384,Russet,7,15,75,1,2,
1385,Bone,7,15,250,1,3,
1386,Golden,7,15,250,1,3,
1387,Strike-Commander Morrison,7,15,1000,1,4,
1388,Commando: 76,7,15,1000,1,4,
1389,Night Ops: 76,7,15,1000,1,4,
1390,Daredevil: 76,7,15,1000,1,4,
1391,Stunt Rider: 76,7,15,1000,1,4,
1392,Classic,7,16,,,1,
1393,Cardamom,7,16,75,1,2,
1394,Hyacinth,7,16,75,1,2,
1395,Saffron,7,16,75,1,2,
1396,Technomancer,7,16,75,1,2,
1397,Regal,7,16,250,1,3,
1398,Utopaea,7,16,250,1,3,
1399,Architech,7,16,1000,1,4,
1400,Vishkar,7,16,1000,1,4,
1401,Devi,7,16,1000,1,4,
1402,Goddess,7,16,1000,1,4,
1403,Classic,7,17,,,1,
1404,Blå,7,17,75,1,2,
1405,Citron,7,17,75,1,2,
1406,Grön,7,17,75,1,2,
1407,Plommon,7,17,75,1,2,
1408,Cathode,7,17,250,1,3,
1409,Woodclad,7,17,250,1,3,
1410,Chopper,7,17,1000,1,4,
1411,Deadlock,7,17,1000,1,4,
1412,Barbarossa,7,17,1000,1,4,
1413,Blackbeard,7,17,1000,1,4,
1414,Classic,7,18,,,1,
1415,Hot Pink,7,18,75,1,2,
1416,Electric Purple,7,18,75,1,2,
1417,Neon Green,7,18,75,1,2,
1418,Royal Blue,7,18,75,1,2,
1419,Posh,7,18,250,1,3,
1420,Sporty,7,18,250,1,3,
1421,Slipstream,7,18,,,4,
1422,Punk,7,18,1000,1,4,
1423,Ultraviolet,7,18,1000,1,4,
1424,Mach T,7,18,1000,1,4,
1425,T. Racer,7,18,1000,1,4,
1426,Classic,7,19,,,1,
1427,Nuit,7,19,75,1,2,
1428,Vert,7,19,75,1,2,
1429,Ciel,7,19,75,1,2,
1430,Rose,7,19,75,1,2,
1431,Patina,7,19,250,1,3,
1432,Winter,7,19,250,1,3,
1433,Odette,7,19,1000,1,4,
1434,Odile,7,19,1000,1,4,
1435,Comtesse,7,19,1000,1,4,
1436,Huntress,7,19,1000,1,4,
1437,Noire,7,19,,,4,
1438,Classic,7,20,,,1,
1439,Red Planet,7,20,75,1,2,
1440,Atmosphere,7,20,75,1,2,
1441,Banana,7,20,75,1,2,
1442,Forest,7,20,75,1,2,
1443,Desert,7,20,250,1,3,
1444,Horizon,7,20,250,1,3,
1445,Frogston,7,20,1000,1,4,
1446,Undersea,7,20,1000,1,4,
1447,Explorer,7,20,1000,1,4,
1448,Safari,7,20,1000,1,4,
1449,Classic,7,21,,,1,
1450,Brick,7,21,75,1,2,
1451,Goldenrod,7,21,75,1,2,
1452,Taiga,7,21,75,1,2,
1453,Violet,7,21,75,1,2,
1454,Dawn,7,21,250,1,3,
1455,Midnight,7,21,250,1,3,
1456,Siberian Front,7,21,1000,1,4,
1457,Cybergoth,7,21,1000,1,4,
1458,Industrial,7,21,1000,1,4,
1459,Classic,7,22,,,1,
1460,Air,7,21,75,1,2,
1461,Leaf,7,21,75,1,2,
1462,Water,7,21,75,1,2,
1463,Earth,7,21,75,1,2,
1464,Ascendant,7,21,250,1,3,
1465,Harmonious,7,21,250,1,3,
1466,Djinnyatta,7,21,1000,1,4,
1467,Sunyatta,7,21,1000,1,4,
1468,Ifrit,7,21,1000,1,4,
1469,Ra,7,21,1000,1,4,
1470,Summer Games 2016,1,,,,1,1
1471,Shooting,1,1,,,1,1
1472,Boxing,1,2,,,1,1
1473,Cycling,1,3,,,1,1
1474,Fencing,1,4,,,1,1
1475,Archery,1,5,,,1,1
1476,Tennis,1,6,,,1,1
1477,Football,1,7,,,1,1
1478,Equestrian,1,8,,,1,1
1479,Table Tennis,1,9,,,1,1
1480,Badminton,1,10,,,1,1
1481,Basketball,1,11,,,1,1
1482,BMX,1,12,,,1,1
1483,Wrestling,1,13,,,1,1
1484,Diving,1,14,,,1,1
1485,Golf,1,15,,,1,1
1486,Rhythmic,1,16,,,1,1
1487,Water Polo,1,17,,,1,1
1488,Track,1,18,,,1,1
1489,Gymnastics,1,19,,,1,1
1490,Volleyball,1,20,,,1,1
1491,Weightlifting,1,21,,,1,1
1492,Taekwondo,1,22,,,1,1
1493,Learn From The Pain,2,1,,,1,1
1494,Whoo-Vweeeeee!,2,2,,,1,1
1495,I'm #1,2,3,,,1,1
1496,I Was Hoping For A Challenge,2,4,,,1,1
1497,Ignore All Distractions,2,5,,,1,1
1498,I Give It A 10!,2,6,,,1,1
1499,Be Champions,2,7,,,1,1
1500,I Don't Much Like Losing,2,8,,,1,1
1501,Overcome All Obstacles,2,9,,,1,1
1502,Piece Of Cake,2,10,,,1,1
1503,We Are In This Together,2,11,,,1,1
1504,It's In The Refrigerator,2,12,,,1,1
1505,100% German Power,2,13,,,1,1
1506,What's Mine Is Mine,2,14,,,1,1
1507,You Want A Medal?,2,15,,,1,1
1508,Hard Work And Dedication,2,16,,,1,1
1509,More Where That Came From,2,17,,,1,1
1510,Eat My Dust,2,18,,,1,1
1511,I Don't Miss,2,19,,,1,1
1512,Playtime’s Over,2,20,,,1,1
1513,"No Pain, No Gain",2,21,,,1,1
1514,Strive For Improvement,2,22,,,1,1
1515,Summer Games 2016,3,,,,2,1
1516,Archery,3,,,,2,1
1517,Badminton,3,,,,2,1
1518,Basketball,3,,,,2,1
1519,Biking,3,,,,2,1
1520,Boxing,3,,,,2,1
1521,Dirt Biking,3,,,,2,1
1522,Equestrian,3,,,,2,1
1523,Fencing,3,,,,2,1
1524,Golfing,3,,,,2,1
1525,Gymnastics,3,,,,2,1
1526,Martial Arts,3,,,,2,1
1527,Ribbon Dancing,3,,,,2,1
1528,Shooting,3,,,,2,1
1529,Football,3,,,,2,1
1530,Swimming,3,,,,2,1
1531,Table Tennis,3,,,,2,1
1532,Tennis,3,,,,2,1
1533,Track,3,,,,2,1
1534,Volleyball,3,,,,2,1
1535,Water Polo,3,,,,2,1
1536,Weight Lifting,3,,,,2,1
1547,Wrestling,3,,,,2,1
1548,Medal,4,9,,,2,1
1549,Medal,4,11,,,2,1
1550,Medal,4,12,,,2,1
1551,Medal,4,14,,,2,1
1552,Medal,4,15,,,2,1
1553,Medal,4,17,,,2,1
1554,Medal,4,19,,,2,1
1555,Medal,4,20,,,2,1
1556,Medal,4,22,,,2,1
1557,Boxing,5,2,,,3,1
1558,Juggle,5,7,,,3,1
1559,Ribbon,5,16,,,3,1
1560,Shotput,6,6,,,3,1
1561,Bicycle Kick,6,7,,,3,1
1562,Hurdle,6,18,,,3,1
1563,Taegeukgi,7,3,,,3,1
1564,Nihon,7,4,,,3,1
1565,Seleção,7,7,,,4,1
1566,Striker,7,7,,,4,1
1567,American,7,8,,,3,1
1568,Eldgenossin,7,10,,,3,1
1569,The Kroner,7,17,,,3,1
1570,Sprinter,7,18,,,4,1
1571,Track and Field,7,18,,,4,1
1572,Tricolore,7,19,,,3,1
1573,Champion,7,21,,,4,1
1574,Weightlifter,7,21,,,4,1
1575,Ghoul,7,1,750,1,3,2
1576,Tombstone,7,2,750,1,3,2
1577,Demon,7,5,750,1,3,2
1578,Possessed,7,11,750,1,3,2
1579,Coldhardt,7,13,750,1,3,2
1580,Immortal,7,15,750,1,3,2
1581,Vampire,7,16,750,1,3,2
1582,Skullyata,7,22,750,1,3,2
1583,Dr. Junkenstein,7,6,3000,1,4,2
1584,Witch,7,10,3000,1,4,2
1585,Pumpkin,7,12,3000,1,4,2
1586,Junkenstein’s Monster,7,14,3000,1,4,2
1587,Candy,5,1,750,1,3,2
1588,Pumpkin Smash,5,13,750,1,3,2
1589,Shadow Puppets,5,20,750,1,3,2
1590,R.I.P,4,1,225,1,2,2
1591,R.I.P,4,2,225,1,2,2
1592,R.I.P,4,3,225,1,2,2
1593,R.I.P,4,4,225,1,2,2
1594,R.I.P,4,5,225,1,2,2
1595,R.I.P,4,6,225,1,2,2
1596,R.I.P,4,7,225,1,2,2
1597,R.I.P,4,8,225,1,2,2
1598,R.I.P,4,9,225,1,2,2
1599,R.I.P,4,10,225,1,2,2
1600,R.I.P,4,11,225,1,2,2
1601,R.I.P,4,12,225,1,2,2
1602,R.I.P,4,13,225,1,2,2
1603,R.I.P,4,14,225,1,2,2
1604,R.I.P,4,15,225,1,2,2
1605,R.I.P,4,16,225,1,2,2
1606,R.I.P,4,17,225,1,2,2
1607,R.I.P,4,18,225,1,2,2
1608,R.I.P,4,19,225,1,2,2
1609,R.I.P,4,20,225,1,2,2
1610,R.I.P,4,21,225,1,2,2
1611,R.I.P,4,22,225,1,2,2
1612,Are You Scared?,2,1,75,1,1,2
1613,W-W-Wooooo...?,2,2,75,1,1,2
1614,Happy Halloween!,2,3,75,1,1,2
1615,My Halloween Costume?,2,4,75,1,1,2
1616,You Are Already Dead,2,5,75,1,1,2
1617,Happy Halloween,2,6,75,1,1,2
1618,Killed It!,2,7,75,1,1,2
1619,It's Your Funeral,2,8,75,1,1,2
1620,Scary!,2,9,75,1,1,2
1621,Superstition,2,10,75,1,1,2
1622,Dead Or Alive,2,11,75,1,1,2
1623,I Work The Graveyard Shift,2,12,75,1,1,2
1624,Smashing,2,13,75,1,1,2
1625,Want Some Candy?,2,14,75,1,1,2
1626,Knock Knock,2,15,75,1,1,2
1627,A Frightening Thought,2,16,75,1,1,2
1628,If You Build It,2,17,75,1,1,2
1629,"Ooh, Scary!",2,18,75,1,1,2
1630,The Party Is Over,2,19,75,1,1,2
1631,This Is Not A Costume,2,20,75,1,1,2
1632,Never Forget The Fallen,2,21,75,1,1,2
1633,Trick Or Treat?,2,22,75,1,1,2
1634,Trick Or Treat,1,1,75,1,1,2
1635,Trick Or Treat,1,2,75,1,1,2
1636,Trick Or Treat,1,3,75,1,1,2
1637,Trick Or Treat,1,4,75,1,1,2
1638,Trick Or Treat,1,5,75,1,1,2
1639,Trick Or Treat,1,6,75,1,1,2
1640,Trick Or Treat,1,7,75,1,1,2
1641,Trick Or Treat,1,8,75,1,1,2
1642,Trick Or Treat,1,9,75,1,1,2
1643,Trick Or Treat,1,10,75,1,1,2
1644,Trick Or Treat,1,11,75,1,1,2
1645,Trick Or Treat,1,12,75,1,1,2
1646,Trick Or Treat,1,13,75,1,1,2
1647,Trick Or Treat,1,14,75,1,1,2
1648,Trick Or Treat,1,15,75,1,1,2
1649,Trick Or Treat,1,16,75,1,1,2
1650,Trick Or Treat,1,17,75,1,1,2
1651,Trick Or Treat,1,18,75,1,1,2
1652,Trick Or Treat,1,19,75,1,1,2
1653,Trick Or Treat,1,20,75,1,1,2
1654,Trick Or Treat,1,21,75,1,1,2
1655,Trick Or Treat,1,22,75,1,1,2
1656,...Never Die,1,,75,1,1,2
1657,Bats,1,,75,1,1,2
1658,Boo!,1,,75,1,1,2
1659,Boop!,1,,75,1,1,2
1660,Candyball,1,,75,1,1,2
1661,Fangs,1,,75,1,1,2
1662,Gummy Hog,1,,75,1,1,2
1663,Halloween Terror,1,,75,1,1,2
1664,Pumpkins,1,,75,1,1,2
1665,Witch’s Brew,1,,75,1,1,2
1666,Rise Of The Zomnics,1,,,,1,2
1667,Junkenstein's Revenge,1,,,,1,2
1668,Halloween Special,1,,,,1,2
1669,The Reapening,1,,,,1,2
1670,Pumpkin Carving,6,4,750,1,3,2
1671,Ice Scream,6,9,750,1,3,2
1672,Eternal Rest,6,12,750,1,3,2
1673,Halloween Terror 2016,3,,,,2,2
1674,The Doctor,3,,,,2,2
1675,The Monster,3,,,,2,2
1676,The Reaper,3,,,,2,2
1677,The Witch,3,,,,2,2
1678,...Never Die,3,,,,2,2
1679,Bewitching,3,,,,2,2
1680,Calavera,3,,,,2,2
1681,Candle,3,,,,2,2
1682,Eyeball,3,,,,2,2
1683,Ghostymari,3,,,,2,2
1684,Spider,3,,,,2,2
1685,Superstition,3,,,,2,2
1686,Tombstone,3,,,,2,2
1687,Vampachimari,3,,,,2,2
1688,Witch’s Brew,3,,,,2,2
1689,Witch's Hat,3,,,,2,2
1690,Wolf,3,,,,2,2